Bowel,,,
Bowel Bag,Bag Bowel,,
Bowel Large,Large Bowel,,
Bowel Small,Small Bowel,,
Bladder,,,
Brachial Plexus,BrachialPlex,,
Brain,,,
Brain Stem,Brainstem,,
Breast,,,
Breasts,,,
Cochlea,Inner Ear,,
Esophagus,,,
Eye,,,
Eyes,,,
Femur,,,
Femurs,,,
Femur Head,,,
Heart,,,
Kidneys,Total Kidney,Combined Kidney,
Larynx,,,
Liver,,,
Lungs,Total Lung,Combined Lung,
Mandible,,,
Optic Chiasm,OpticChiasm,,
Optic Nerve,OpticNerve,,
Parotid,,,
Parotids,Total Parotids,Parotids Both,Combined Parotid
Penile Bulb,,,
Pharyngeal Constrictors,,,
Rectum,,,
Small Bowel,,,
Small Bowel Cavity,Bowels,Bowel Bag,
Spinal Cord,Cord,Spinal Canal,
Stomach,,,
Submandibular Gland,Gldn Submand,Submandibular,
Submandibular Gland,Gldn Submand,,
